First_Name,Last_Name,Email
Vaibhav,More,morevaibhav@gmail.com
Venotron,Destruct,venotronhyper23@gmail.com
Anish,Wadekar,anish@gmail.com
Aditya,Paanchal,aditya231@gmail.com
Harsh,kore,koreharsh@gmail.com